{
  "id": "ecommerce-dev-env",
  "name": "development",
  "values": [
    {
      "key": "apiURL",
      "value": "http://localhost:3000/api",
      "enabled": true
    },
    {
      "key": "token",
      "value": "",
      "enabled": true
    },
    {
      "key": "productId",
      "value": "",
      "enabled": true
    },
    {
      "key": "categoryId",
      "value": "",
      "enabled": true
    },
    {
      "key": "userId",
      "value": "",
      "enabled": true
    },
    {
      "key": "orderId",
      "value": "",
      "enabled": true
    }
  ],
  "_postman_variable_scope": "environment",
  "_postman_exported_using": "ChatGPT",
  "_postman_exported_at": "2025-08-20"
}