{
  "info": {
    "name": "Orders",
    "_postman_id": "18fca69b14f693af79d1dbf8",
    "schema": "https://schema.getpostman.com/json/collection/v2.1.0/collection.json"
  },
  "item": [
    {
      "name": "Create order from my cart",
      "request": {
        "method": "POST",
        "header": [
          {
            "key": "Content-Type",
            "value": "application/json"
          }
        ],
        "url": {
          "raw": "{{apiURL}}/orders",
          "host": [
            "{{apiURL}}"
          ],
          "path": [
            "orders"
          ]
        },
        "auth": {
          "type": "bearer",
          "bearer": [
            {
              "key": "token",
              "value": "{{token}}",
              "type": "string"
            }
          ]
        }
      }
    },
    {
      "name": "List my orders",
      "request": {
        "method": "GET",
        "header": [
          {
            "key": "Content-Type",
            "value": "application/json"
          }
        ],
        "url": {
          "raw": "{{apiURL}}/orders",
          "host": [
            "{{apiURL}}"
          ],
          "path": [
            "orders"
          ]
        },
        "auth": {
          "type": "bearer",
          "bearer": [
            {
              "key": "token",
              "value": "{{token}}",
              "type": "string"
            }
          ]
        }
      }
    },
    {
      "name": "Get order by id",
      "request": {
        "method": "GET",
        "header": [
          {
            "key": "Content-Type",
            "value": "application/json"
          }
        ],
        "url": {
          "raw": "{{apiURL}}/orders/{{orderId}}",
          "host": [
            "{{apiURL}}"
          ],
          "path": [
            "orders",
            "{{orderId}}"
          ]
        },
        "auth": {
          "type": "bearer",
          "bearer": [
            {
              "key": "token",
              "value": "{{token}}",
              "type": "string"
            }
          ]
        }
      }
    }
  ]
}