{
  "info": {
    "name": "Users",
    "_postman_id": "277d1d3565df31d2e372b328",
    "schema": "https://schema.getpostman.com/json/collection/v2.1.0/collection.json"
  },
  "item": [
    {
      "name": "List users (paginated)",
      "request": {
        "method": "GET",
        "header": [
          {
            "key": "Content-Type",
            "value": "application/json"
          }
        ],
        "url": {
          "raw": "{{apiURL}}/users?limit=5&page=1",
          "host": [
            "{{apiURL}}"
          ],
          "path": [
            "users?limit=5&page=1"
          ]
        },
        "auth": {
          "type": "bearer",
          "bearer": [
            {
              "key": "token",
              "value": "{{token}}",
              "type": "string"
            }
          ]
        }
      }
    },
    {
      "name": "Get user by id",
      "request": {
        "method": "GET",
        "header": [
          {
            "key": "Content-Type",
            "value": "application/json"
          }
        ],
        "url": {
          "raw": "{{apiURL}}/users/{{userId}}",
          "host": [
            "{{apiURL}}"
          ],
          "path": [
            "users",
            "{{userId}}"
          ]
        },
        "auth": {
          "type": "bearer",
          "bearer": [
            {
              "key": "token",
              "value": "{{token}}",
              "type": "string"
            }
          ]
        }
      }
    },
    {
      "name": "Delete user",
      "request": {
        "method": "DELETE",
        "header": [
          {
            "key": "Content-Type",
            "value": "application/json"
          }
        ],
        "url": {
          "raw": "{{apiURL}}/users/{{userId}}",
          "host": [
            "{{apiURL}}"
          ],
          "path": [
            "users",
            "{{userId}}"
          ]
        },
        "auth": {
          "type": "bearer",
          "bearer": [
            {
              "key": "token",
              "value": "{{token}}",
              "type": "string"
            }
          ]
        }
      }
    }
  ]
}