{
  "info": {
    "name": "Auth",
    "_postman_id": "8c3ed2c09a4272aeacc69c21",
    "schema": "https://schema.getpostman.com/json/collection/v2.1.0/collection.json"
  },
  "item": [
    {
      "name": "Register",
      "request": {
        "method": "POST",
        "header": [
          {
            "key": "Content-Type",
            "value": "application/json"
          }
        ],
        "url": {
          "raw": "{{apiURL}}/auth/register",
          "host": [
            "{{apiURL}}"
          ],
          "path": [
            "auth",
            "register"
          ]
        },
        "body": {
          "mode": "raw",
          "raw": "{\n  \"displayName\": \"Test User\",\n  \"email\": \"test@example.com\",\n  \"password\": \"Password1!\"\n}"
        }
      }
    },
    {
      "name": "Login",
      "request": {
        "method": "POST",
        "header": [
          {
            "key": "Content-Type",
            "value": "application/json"
          }
        ],
        "url": {
          "raw": "{{apiURL}}/auth/login",
          "host": [
            "{{apiURL}}"
          ],
          "path": [
            "auth",
            "login"
          ]
        },
        "body": {
          "mode": "raw",
          "raw": "{\n  \"email\": \"test@example.com\",\n  \"password\": \"Password1!\"\n}"
        }
      }
    }
  ]
}