{
  "info": {
    "name": "Categories",
    "_postman_id": "4ffee094692903cbe956a9bf",
    "schema": "https://schema.getpostman.com/json/collection/v2.1.0/collection.json"
  },
  "item": [
    {
      "name": "List categories",
      "request": {
        "method": "GET",
        "header": [
          {
            "key": "Content-Type",
            "value": "application/json"
          }
        ],
        "url": {
          "raw": "{{apiURL}}/categories",
          "host": [
            "{{apiURL}}"
          ],
          "path": [
            "categories"
          ]
        }
      }
    },
    {
      "name": "Get category by id",
      "request": {
        "method": "GET",
        "header": [
          {
            "key": "Content-Type",
            "value": "application/json"
          }
        ],
        "url": {
          "raw": "{{apiURL}}/categories/{{categoryId}}",
          "host": [
            "{{apiURL}}"
          ],
          "path": [
            "categories",
            "{{categoryId}}"
          ]
        }
      }
    },
    {
      "name": "Create category (admin)",
      "request": {
        "method": "POST",
        "header": [
          {
            "key": "Content-Type",
            "value": "application/json"
          }
        ],
        "url": {
          "raw": "{{apiURL}}/categories",
          "host": [
            "{{apiURL}}"
          ],
          "path": [
            "categories"
          ]
        },
        "body": {
          "mode": "raw",
          "raw": "{\n  \"name\": \"New Category\"\n}"
        },
        "auth": {
          "type": "bearer",
          "bearer": [
            {
              "key": "token",
              "value": "{{token}}",
              "type": "string"
            }
          ]
        }
      }
    },
    {
      "name": "Update category (admin)",
      "request": {
        "method": "PUT",
        "header": [
          {
            "key": "Content-Type",
            "value": "application/json"
          }
        ],
        "url": {
          "raw": "{{apiURL}}/categories/{{categoryId}}",
          "host": [
            "{{apiURL}}"
          ],
          "path": [
            "categories",
            "{{categoryId}}"
          ]
        },
        "body": {
          "mode": "raw",
          "raw": "{\n  \"name\": \"Updated Category\"\n}"
        },
        "auth": {
          "type": "bearer",
          "bearer": [
            {
              "key": "token",
              "value": "{{token}}",
              "type": "string"
            }
          ]
        }
      }
    },
    {
      "name": "Delete category (admin)",
      "request": {
        "method": "DELETE",
        "header": [
          {
            "key": "Content-Type",
            "value": "application/json"
          }
        ],
        "url": {
          "raw": "{{apiURL}}/categories/{{categoryId}}",
          "host": [
            "{{apiURL}}"
          ],
          "path": [
            "categories",
            "{{categoryId}}"
          ]
        },
        "auth": {
          "type": "bearer",
          "bearer": [
            {
              "key": "token",
              "value": "{{token}}",
              "type": "string"
            }
          ]
        }
      }
    }
  ]
}