{
  "info": {
    "name": "Products",
    "_postman_id": "a0fd4f5d60b2b4a7a442a39e",
    "schema": "https://schema.getpostman.com/json/collection/v2.1.0/collection.json"
  },
  "item": [
    {
      "name": "List products (paginated)",
      "request": {
        "method": "GET",
        "header": [
          {
            "key": "Content-Type",
            "value": "application/json"
          }
        ],
        "url": {
          "raw": "{{apiURL}}/products?limit=5&page=1",
          "host": [
            "{{apiURL}}"
          ],
          "path": [
            "products?limit=5&page=1"
          ]
        }
      }
    },
    {
      "name": "Get product by id",
      "request": {
        "method": "GET",
        "header": [
          {
            "key": "Content-Type",
            "value": "application/json"
          }
        ],
        "url": {
          "raw": "{{apiURL}}/products/{{productId}}",
          "host": [
            "{{apiURL}}"
          ],
          "path": [
            "products",
            "{{productId}}"
          ]
        }
      }
    },
    {
      "name": "Create product (admin)",
      "request": {
        "method": "POST",
        "header": [
          {
            "key": "Content-Type",
            "value": "application/json"
          }
        ],
        "url": {
          "raw": "{{apiURL}}/products",
          "host": [
            "{{apiURL}}"
          ],
          "path": [
            "products"
          ]
        },
        "body": {
          "mode": "raw",
          "raw": "{\n  \"name\": \"Postman Product\",\n  \"price\": 99.99,\n  \"stock\": 10,\n  \"category\": \"{{categoryId}}\"\n}"
        },
        "auth": {
          "type": "bearer",
          "bearer": [
            {
              "key": "token",
              "value": "{{token}}",
              "type": "string"
            }
          ]
        }
      }
    },
    {
      "name": "Update product (admin)",
      "request": {
        "method": "PUT",
        "header": [
          {
            "key": "Content-Type",
            "value": "application/json"
          }
        ],
        "url": {
          "raw": "{{apiURL}}/products/{{productId}}",
          "host": [
            "{{apiURL}}"
          ],
          "path": [
            "products",
            "{{productId}}"
          ]
        },
        "body": {
          "mode": "raw",
          "raw": "{\n  \"price\": 49.99\n}"
        },
        "auth": {
          "type": "bearer",
          "bearer": [
            {
              "key": "token",
              "value": "{{token}}",
              "type": "string"
            }
          ]
        }
      }
    },
    {
      "name": "Delete product (admin)",
      "request": {
        "method": "DELETE",
        "header": [
          {
            "key": "Content-Type",
            "value": "application/json"
          }
        ],
        "url": {
          "raw": "{{apiURL}}/products/{{productId}}",
          "host": [
            "{{apiURL}}"
          ],
          "path": [
            "products",
            "{{productId}}"
          ]
        },
        "auth": {
          "type": "bearer",
          "bearer": [
            {
              "key": "token",
              "value": "{{token}}",
              "type": "string"
            }
          ]
        }
      }
    }
  ]
}